Year,Total Deaths,No Affected
2000,162,81264
2001,153,128833
2002,444,171053
2003,231,258195
2004,219,5099440
2005,1973,848415
2006,326,82974
2007,333,666470
2008,303,13390150
2009,145,9750
2010,138,12300
2011,809,395700
2012,318,91409
2013,212,205325
2014,205,106563
2015,319,33600
2016,269,85110376
2017,284,757169
2018,295,1760509
2019,149,18722
2020,75,12000
